account_id,is_mule,account_open_day
0,0,0
1,0,10
2,0,24
3,0,0
4,0,26
5,0,16
6,0,4
7,0,9
8,0,16
9,0,9
10,0,3
11,0,19
12,0,20
13,0,3
14,0,8
15,0,7
16,0,19
17,0,21
18,0,21
19,0,28
20,0,23
21,0,9
22,0,3
23,0,18
24,0,27
25,0,29
26,0,6
27,0,7
28,0,1
29,0,4
30,0,16
31,0,16
32,0,11
33,0,9
34,0,24
35,0,13
36,1,24
37,0,28
38,0,9
39,0,6
40,0,28
41,0,19
42,0,8
43,0,18
44,0,15
45,0,27
46,0,7
47,0,29
48,0,28
49,0,5
50,0,4
51,0,15
52,0,1
53,0,8
54,0,13
55,0,29
56,0,29
57,0,4
58,0,26
59,0,2
60,0,22
61,0,25
62,0,26
63,0,6
64,0,26
65,0,3
66,0,15
67,0,14
68,0,9
69,0,0
70,0,23
71,0,10
72,0,19
73,0,12
74,0,11
75,0,26
76,0,2
77,0,22
78,0,22
79,0,11
80,0,7
81,0,0
82,0,28
83,0,28
84,0,7
85,0,0
86,0,3
87,0,2
88,0,24
89,0,26
90,0,4
91,0,22
92,0,5
93,0,11
94,0,17
95,0,21
96,0,26
97,0,1
98,0,5
99,0,8
100,0,9
101,0,29
102,0,23
103,0,9
104,0,29
105,0,14
106,0,15
107,0,13
108,0,4
109,0,28
110,0,0
111,0,5
112,0,6
113,0,8
114,0,3
115,0,0
116,0,20
117,0,29
118,0,3
119,0,8
120,0,15
121,0,27
122,0,20
123,0,22
124,0,17
125,0,12
126,0,5
127,0,25
128,0,24
129,0,0
130,0,21
131,0,2
132,0,22
133,0,24
134,0,3
135,0,13
136,0,3
137,0,17
138,0,27
139,0,2
140,0,11
141,0,29
142,0,9
143,0,3
144,0,14
145,0,15
146,0,19
147,0,9
148,0,28
149,0,15
150,0,8
151,0,28
152,0,27
153,1,14
154,0,0
155,0,17
156,0,16
157,0,4
158,0,19
159,0,25
160,0,3
161,0,21
162,0,4
163,0,22
164,0,12
165,0,0
166,0,28
167,0,4
168,0,17
169,0,5
170,0,27
171,0,22
172,0,24
173,1,12
174,0,14
175,0,19
176,0,23
177,0,25
178,0,0
179,0,19
180,0,3
181,0,8
182,0,24
183,0,7
184,0,23
185,1,13
186,0,6
187,0,10
188,0,15
189,0,22
190,0,18
191,0,27
192,0,26
193,0,22
194,0,18
195,0,8
196,0,12
197,0,3
198,0,11
199,0,27
200,0,12
201,0,3
202,0,19
203,0,28
204,0,26
205,0,8
206,0,13
207,0,15
208,0,7
209,0,8
210,0,7
211,0,29
212,0,22
213,0,25
214,1,24
215,0,28
216,0,3
217,0,26
218,0,1
219,0,14
220,0,17
221,0,10
222,0,4
223,0,5
224,0,24
225,0,9
226,0,9
227,0,27
228,0,4
229,0,27
230,0,27
231,0,17
232,0,4
233,0,4
234,0,8
235,0,17
236,0,4
237,0,13
238,0,3
239,0,16
240,0,0
241,0,21
242,0,1
243,0,5
244,0,5
245,0,24
246,0,1
247,0,12
248,0,17
249,0,15
250,0,20
251,0,24
252,0,11
253,0,24
254,0,9
255,0,29
256,0,15
257,0,22
258,0,26
259,0,23
260,0,25
261,0,16
262,0,1
263,0,14
264,0,5
265,0,26
266,0,7
267,0,6
268,0,7
269,0,19
270,0,17
271,0,28
272,0,12
273,0,8
274,0,1
275,0,0
276,0,11
277,0,27
278,0,15
279,0,26
280,0,3
281,0,2
282,0,25
283,0,3
284,0,1
285,0,12
286,0,27
287,0,20
288,0,2
289,0,25
290,0,25
291,1,24
292,0,27
293,0,7
294,0,29
295,0,9
296,0,24
297,0,17
298,0,23
299,0,18
300,0,19
301,0,18
302,0,23
303,0,22
304,0,4
305,0,24
306,0,16
307,0,9
308,0,15
309,0,29
310,0,25
311,1,25
312,0,13
313,0,23
314,0,11
315,0,20
316,0,19
317,0,7
318,0,7
319,0,1
320,0,4
321,0,13
322,0,14
323,0,4
324,0,12
325,0,18
326,0,6
327,0,10
328,0,11
329,0,15
330,0,10
331,0,22
332,1,9
333,0,13
334,0,11
335,0,5
336,0,20
337,0,7
338,0,8
339,0,23
340,0,28
341,0,20
342,0,27
343,0,25
344,0,14
345,0,23
346,0,9
347,0,13
348,0,16
349,0,28
350,0,25
351,0,14
352,0,19
353,0,6
354,0,24
355,0,16
356,0,15
357,0,22
358,0,18
359,0,2
360,0,8
361,0,5
362,0,22
363,0,1
364,0,6
365,0,17
366,0,20
367,0,15
368,0,25
369,0,27
370,0,3
371,0,28
372,0,18
373,0,19
374,0,2
375,1,18
376,0,21
377,0,17
378,0,2
379,0,15
380,0,28
381,0,21
382,0,4
383,0,28
384,0,28
385,0,5
386,0,24
387,0,12
388,0,17
389,0,13
390,0,23
391,0,29
392,0,23
393,0,27
394,1,28
395,0,2
396,0,7
397,0,21
398,0,17
399,0,1
400,0,2
401,0,15
402,0,18
403,0,5
404,0,5
405,0,3
406,0,16
407,0,0
408,0,17
409,0,14
410,0,13
411,0,20
412,0,15
413,0,21
414,0,22
415,0,27
416,0,23
417,1,15
418,0,14
419,0,7
420,0,17
421,0,4
422,0,27
423,0,25
424,0,3
425,0,23
426,0,3
427,0,21
428,0,2
429,0,14
430,0,19
431,0,21
432,1,12
433,0,27
434,0,23
435,0,6
436,0,20
437,0,21
438,0,10
439,0,22
440,0,26
441,0,24
442,0,22
443,0,19
444,0,8
445,0,23
446,0,10
447,0,15
448,0,9
449,1,9
450,0,4
451,1,28
452,0,4
453,0,2
454,0,28
455,0,16
456,0,13
457,1,22
458,0,11
459,0,3
460,0,21
461,0,5
462,0,16
463,0,28
464,0,28
465,0,10
466,0,23
467,0,18
468,0,14
469,0,4
470,0,11
471,0,19
472,0,29
473,0,0
474,0,21
475,0,25
476,0,28
477,0,12
478,0,3
479,0,8
480,1,25
481,0,26
482,0,19
483,0,3
484,0,3
485,0,14
486,0,17
487,0,0
488,0,20
489,0,16
490,0,0
491,0,2
492,0,13
493,0,21
494,0,24
495,0,12
496,0,8
497,0,29
498,0,13
499,0,9
500,0,13
501,0,0
502,0,9
503,0,15
504,0,27
505,0,22
506,0,23
507,0,16
508,0,3
509,0,11
510,0,29
511,0,1
512,0,26
513,0,20
514,0,8
515,0,23
516,0,25
517,0,1
518,0,3
519,0,19
520,0,29
521,0,0
522,0,19
523,0,4
524,0,19
525,0,18
526,0,2
527,0,20
528,0,26
529,0,25
530,0,0
531,0,7
532,0,7
533,0,13
534,0,4
535,0,25
536,0,23
537,0,24
538,0,5
539,0,0
540,0,27
541,0,8
542,0,19
543,0,27
544,0,1
545,0,0
546,0,0
547,0,4
548,0,1
549,0,24
550,0,18
551,0,29
552,0,24
553,0,28
554,0,7
555,0,8
556,0,25
557,0,7
558,0,1
559,0,20
560,0,24
561,0,29
562,0,27
563,0,3
564,0,23
565,0,25
566,0,20
567,0,24
568,0,25
569,1,13
570,0,1
571,0,13
572,0,6
573,0,3
574,0,3
575,0,20
576,0,15
577,0,16
578,0,22
579,0,16
580,0,18
581,0,2
582,0,25
583,0,13
584,0,4
585,0,24
586,0,22
587,0,1
588,0,5
589,0,0
590,0,8
591,0,2
592,0,21
593,0,15
594,0,29
595,0,22
596,0,18
597,0,15
598,0,1
599,0,2
600,0,18
601,0,0
602,0,1
603,0,6
604,0,26
605,0,13
606,0,21
607,0,12
608,0,5
609,0,11
610,0,2
611,0,23
612,0,5
613,0,11
614,0,29
615,0,17
616,0,13
617,0,16
618,0,23
619,0,7
620,0,19
621,0,26
622,0,17
623,1,13
624,0,4
625,0,7
626,0,28
627,0,16
628,0,9
629,0,12
630,0,17
631,0,16
632,0,20
633,0,7
634,0,19
635,0,13
636,0,28
637,0,4
638,0,4
639,1,13
640,0,15
641,0,20
642,0,12
643,0,27
644,0,14
645,0,3
646,0,3
647,0,29
648,0,4
649,0,28
650,0,8
651,0,2
652,0,9
653,0,18
654,0,12
655,0,23
656,0,18
657,0,12
658,0,19
659,0,29
660,0,12
661,0,4
662,0,12
663,0,25
664,0,6
665,0,28
666,0,17
667,0,18
668,0,9
669,0,27
670,0,1
671,0,8
672,0,12
673,0,14
674,0,14
675,0,4
676,0,6
677,0,2
678,0,17
679,0,10
680,0,16
681,0,17
682,0,21
683,0,16
684,0,19
685,0,17
686,0,19
687,0,18
688,0,9
689,0,7
690,0,23
691,1,10
692,0,16
693,0,5
694,1,12
695,0,15
696,0,18
697,0,15
698,0,10
699,0,28
700,0,15
701,0,24
702,0,22
703,0,16
704,0,26
705,0,3
706,0,27
707,0,25
708,0,15
709,0,22
710,0,15
711,0,8
712,0,23
713,0,7
714,0,9
715,0,15
716,0,25
717,0,11
718,0,14
719,0,1
720,0,3
721,0,1
722,0,2
723,0,26
724,0,25
725,0,24
726,0,1
727,0,2
728,0,8
729,0,16
730,0,10
731,0,14
732,0,5
733,0,21
734,0,9
735,0,1
736,0,22
737,0,27
738,0,0
739,0,13
740,0,24
741,0,21
742,0,25
743,0,12
744,0,11
745,0,21
746,0,4
747,0,7
748,0,18
749,0,20
750,0,3
751,0,15
752,0,10
753,0,15
754,0,28
755,0,2
756,0,29
757,1,13
758,0,23
759,0,12
760,0,9
761,0,23
762,0,20
763,0,4
764,0,21
765,0,22
766,0,11
767,0,27
768,0,19
769,0,10
770,0,0
771,0,20
772,0,6
773,0,22
774,0,15
775,0,14
776,0,4
777,0,21
778,0,4
779,0,12
780,0,25
781,0,27
782,0,29
783,0,28
784,0,16
785,0,6
786,0,25
787,0,24
788,0,29
789,0,19
790,0,4
791,0,15
792,1,13
793,0,25
794,0,11
795,0,9
796,0,2
797,0,25
798,0,22
799,0,1
800,0,13
801,0,14
802,0,14
803,0,27
804,0,4
805,0,9
806,0,5
807,0,7
808,1,27
809,0,28
810,0,1
811,0,18
812,0,6
813,0,5
814,0,8
815,0,5
816,0,14
817,0,29
818,0,17
819,0,21
820,0,14
821,0,0
822,0,2
823,0,8
824,0,7
825,0,25
826,0,25
827,0,25
828,0,19
829,0,16
830,0,19
831,0,12
832,0,20
833,0,23
834,0,22
835,0,18
836,0,1
837,0,21
838,0,10
839,0,22
840,0,16
841,0,26
842,0,10
843,0,27
844,0,25
845,0,9
846,0,14
847,0,15
848,0,23
849,0,20
850,0,25
851,0,11
852,0,15
853,0,12
854,0,27
855,0,9
856,0,17
857,0,3
858,0,25
859,0,11
860,0,10
861,0,17
862,0,14
863,0,25
864,0,15
865,0,15
866,0,3
867,0,0
868,0,11
869,0,29
870,0,27
871,0,18
872,0,18
873,0,11
874,0,5
875,0,0
876,0,10
877,0,9
878,0,5
879,0,7
880,0,0
881,0,18
882,0,27
883,0,20
884,0,13
885,0,12
886,0,9
887,0,4
888,0,17
889,1,16
890,0,0
891,0,12
892,0,8
893,0,5
894,0,21
895,0,15
896,0,19
897,0,21
898,0,29
899,0,24
900,0,18
901,0,26
902,0,14
903,0,29
904,0,22
905,0,19
906,0,27
907,0,15
908,0,21
909,0,8
910,0,28
911,0,18
912,0,23
913,0,13
914,0,26
915,0,2
916,0,3
917,0,15
918,0,21
919,0,24
920,0,13
921,0,19
922,0,16
923,0,28
924,0,19
925,0,12
926,0,29
927,0,3
928,0,29
929,0,4
930,0,8
931,0,24
932,1,22
933,0,29
934,0,22
935,0,19
936,0,10
937,0,0
938,0,3
939,0,8
940,0,1
941,0,15
942,0,23
943,0,28
944,0,14
945,0,26
946,0,29
947,0,25
948,0,13
949,0,9
950,0,29
951,0,7
952,0,12
953,0,2
954,1,23
955,0,19
956,0,2
957,0,6
958,0,16
959,0,16
960,0,24
961,0,7
962,0,27
963,0,13
964,0,24
965,0,7
966,0,1
967,0,1
968,0,11
969,0,28
970,0,1
971,0,11
972,0,3
973,0,27
974,0,20
975,0,22
976,0,21
977,0,19
978,1,23
979,0,0
980,0,25
981,0,22
982,0,22
983,0,11
984,0,24
985,0,11
986,0,1
987,0,27
988,0,7
989,1,3
990,0,18
991,0,7
992,0,25
993,0,13
994,0,0
995,0,28
996,0,15
997,0,7
998,0,20
999,0,15
1000,0,0
1001,0,22
1002,0,12
1003,0,20
1004,0,26
1005,0,18
1006,0,20
1007,0,7
1008,0,7
1009,0,12
1010,0,25
1011,0,15
1012,0,10
1013,0,23
1014,0,25
1015,0,27
1016,0,8
1017,0,21
1018,0,17
1019,0,13
1020,0,11
1021,0,3
1022,0,8
1023,0,16
1024,0,26
1025,0,25
1026,0,5
1027,0,20
1028,0,2
1029,0,20
1030,0,10
1031,0,13
1032,0,21
1033,0,12
1034,0,24
1035,0,16
1036,0,29
1037,0,19
1038,0,8
1039,0,23
1040,0,12
1041,0,16
1042,0,4
1043,0,3
1044,0,17
1045,0,5
1046,0,29
1047,0,25
1048,0,21
1049,0,22
1050,0,17
1051,0,1
1052,0,11
1053,0,14
1054,0,27
1055,0,6
1056,0,14
1057,0,10
1058,0,4
1059,0,3
1060,0,10
1061,0,2
1062,0,2
1063,0,10
1064,0,6
1065,0,16
1066,0,0
1067,0,9
1068,0,13
1069,0,28
1070,0,19
1071,1,26
1072,0,10
1073,0,13
1074,0,12
1075,0,26
1076,0,28
1077,0,28
1078,0,22
1079,0,15
1080,0,16
1081,0,29
1082,0,8
1083,0,10
1084,0,26
1085,0,11
1086,0,7
1087,0,16
1088,0,9
1089,0,26
1090,0,27
1091,0,9
1092,0,15
1093,0,29
1094,0,22
1095,0,6
1096,0,17
1097,0,18
1098,0,19
1099,0,0
1100,0,8
1101,0,25
1102,0,7
1103,0,8
1104,0,9
1105,0,5
1106,0,4
1107,0,10
1108,0,26
1109,1,0
1110,0,8
1111,0,1
1112,0,16
1113,0,7
1114,0,23
1115,0,17
1116,0,23
1117,0,19
1118,1,13
1119,0,25
1120,0,14
1121,0,28
1122,0,29
1123,0,17
1124,0,20
1125,0,7
1126,0,24
1127,0,20
1128,0,27
1129,0,8
1130,0,23
1131,0,14
1132,0,5
1133,0,5
1134,0,16
1135,0,9
1136,0,3
1137,0,12
1138,0,19
1139,0,9
1140,0,28
1141,0,23
1142,0,15
1143,0,28
1144,0,12
1145,0,4
1146,0,1
1147,0,28
1148,0,28
1149,0,22
1150,0,3
1151,0,8
1152,0,1
1153,0,1
1154,0,7
1155,0,17
1156,0,1
1157,0,29
1158,0,13
1159,0,7
1160,0,15
1161,0,23
1162,0,9
1163,0,1
1164,0,1
1165,0,25
1166,0,3
1167,0,19
1168,0,11
1169,1,23
1170,0,1
1171,0,26
1172,0,20
1173,0,13
1174,0,6
1175,0,29
1176,0,9
1177,0,14
1178,0,11
1179,0,6
1180,0,12
1181,0,4
1182,0,0
1183,0,8
1184,0,3
1185,1,12
1186,0,25
1187,0,4
1188,0,0
1189,0,3
1190,0,15
1191,0,8
1192,0,14
1193,0,0
1194,0,9
1195,0,12
1196,0,12
1197,0,16
1198,0,23
1199,0,14
1200,0,25
1201,0,15
1202,0,7
1203,0,6
1204,0,9
1205,0,17
1206,0,7
1207,0,27
1208,0,14
1209,0,25
1210,0,20
1211,0,10
1212,0,6
1213,0,22
1214,0,9
1215,0,7
1216,0,27
1217,0,14
1218,0,1
1219,1,14
1220,0,13
1221,0,25
1222,0,21
1223,0,5
1224,0,4
1225,0,18
1226,0,1
1227,0,9
1228,0,4
1229,0,0
1230,0,27
1231,0,2
1232,0,0
1233,0,27
1234,0,5
1235,0,24
1236,0,0
1237,0,4
1238,0,3
1239,0,21
1240,0,18
1241,0,14
1242,0,7
1243,0,2
1244,0,17
1245,0,6
1246,0,17
1247,0,20
1248,0,25
1249,0,14
1250,0,0
1251,0,8
1252,0,25
1253,0,15
1254,0,18
1255,0,13
1256,0,4
1257,0,26
1258,0,23
1259,0,29
1260,0,25
1261,0,8
1262,0,7
1263,0,7
1264,0,27
1265,0,16
1266,0,13
1267,0,29
1268,0,18
1269,0,27
1270,0,29
1271,0,2
1272,0,10
1273,0,22
1274,0,24
1275,0,4
1276,0,9
1277,0,16
1278,0,23
1279,0,3
1280,0,18
1281,0,8
1282,0,6
1283,0,15
1284,0,12
1285,0,19
1286,0,9
1287,0,24
1288,0,2
1289,0,25
1290,0,0
1291,0,22
1292,0,10
1293,0,11
1294,0,0
1295,0,21
1296,0,4
1297,0,19
1298,0,21
1299,0,25
1300,0,21
1301,0,9
1302,0,22
1303,0,24
1304,0,9
1305,0,3
1306,0,26
1307,0,4
1308,0,17
1309,0,7
1310,0,3
1311,0,23
1312,0,4
1313,0,20
1314,0,20
1315,0,1
1316,0,5
1317,0,23
1318,0,15
1319,0,3
1320,0,29
1321,0,7
1322,0,0
1323,0,27
1324,0,0
1325,0,16
1326,0,29
1327,0,17
1328,0,17
1329,0,11
1330,0,3
1331,0,17
1332,0,26
1333,0,2
1334,0,26
1335,0,12
1336,0,16
1337,0,4
1338,0,18
1339,0,5
1340,0,8
1341,0,21
1342,0,1
1343,0,13
1344,0,17
1345,0,3
1346,0,8
1347,0,10
1348,0,19
1349,0,29
1350,0,25
1351,0,5
1352,0,0
1353,1,1
1354,0,17
1355,0,4
1356,0,6
1357,0,25
1358,0,26
1359,0,25
1360,0,7
1361,0,18
1362,0,18
1363,0,5
1364,0,16
1365,0,15
1366,0,11
1367,0,22
1368,0,20
1369,0,15
1370,0,21
1371,0,22
1372,0,17
1373,0,8
1374,1,22
1375,0,21
1376,0,29
1377,0,4
1378,0,12
1379,0,27
1380,1,15
1381,0,28
1382,0,0
1383,0,1
1384,0,23
1385,0,10
1386,0,15
1387,0,12
1388,0,12
1389,0,28
1390,0,2
1391,0,23
1392,0,26
1393,0,19
1394,0,11
1395,0,4
1396,0,20
1397,0,14
1398,0,4
1399,0,10
1400,0,28
1401,0,7
1402,0,5
1403,0,20
1404,0,5
1405,0,27
1406,0,25
1407,0,29
1408,0,27
1409,0,7
1410,0,6
1411,0,10
1412,0,14
1413,0,26
1414,0,22
1415,0,19
1416,0,26
1417,0,19
1418,0,11
1419,0,12
1420,0,15
1421,0,2
1422,0,22
1423,0,19
1424,0,21
1425,0,16
1426,1,23
1427,0,28
1428,0,17
1429,0,13
1430,0,3
1431,0,23
1432,0,27
1433,0,20
1434,0,25
1435,0,25
1436,0,23
1437,0,15
1438,0,2
1439,0,0
1440,0,6
1441,0,12
1442,0,22
1443,0,13
1444,0,0
1445,0,6
1446,0,29
1447,0,29
1448,0,11
1449,0,24
1450,0,21
1451,0,27
1452,0,26
1453,0,18
1454,0,11
1455,0,18
1456,0,9
1457,0,10
1458,0,18
1459,0,17
1460,0,17
1461,0,11
1462,0,12
1463,0,0
1464,0,18
1465,0,17
1466,0,28
1467,0,15
1468,0,14
1469,0,2
1470,0,5
1471,0,10
1472,0,11
1473,0,10
1474,0,11
1475,0,23
1476,0,3
1477,0,9
1478,0,4
1479,0,9
1480,0,20
1481,0,1
1482,0,10
1483,0,0
1484,0,28
1485,0,21
1486,0,7
1487,0,5
1488,0,2
1489,0,14
1490,0,22
1491,0,17
1492,0,26
1493,0,10
1494,0,8
1495,0,14
1496,0,6
1497,0,29
1498,0,5
1499,0,14
1500,0,15
1501,0,1
1502,0,14
1503,0,13
1504,0,7
1505,0,3
1506,0,1
1507,0,0
1508,0,14
1509,0,2
1510,0,28
1511,0,7
1512,0,19
1513,0,20
1514,0,14
1515,1,26
1516,0,3
1517,0,7
1518,0,7
1519,0,4
1520,0,8
1521,0,9
1522,0,22
1523,0,9
1524,0,26
1525,0,23
1526,0,27
1527,0,3
1528,0,29
1529,0,18
1530,0,29
1531,0,10
1532,0,28
1533,0,17
1534,0,2
1535,0,12
1536,0,4
1537,0,28
1538,0,9
1539,0,6
1540,0,16
1541,0,12
1542,1,2
1543,0,24
1544,0,25
1545,0,22
1546,0,18
1547,0,12
1548,0,16
1549,0,15
1550,0,4
1551,0,2
1552,0,7
1553,0,13
1554,0,4
1555,0,3
1556,0,25
1557,0,11
1558,0,17
1559,0,15
1560,0,22
1561,0,22
1562,0,8
1563,0,25
1564,0,11
1565,0,25
1566,0,12
1567,0,3
1568,0,22
1569,0,0
1570,0,23
1571,0,1
1572,0,6
1573,0,18
1574,0,28
1575,0,12
1576,0,3
1577,0,6
1578,0,26
1579,0,21
1580,0,3
1581,0,11
1582,0,7
1583,0,5
1584,0,25
1585,0,18
1586,0,5
1587,0,19
1588,0,12
1589,0,1
1590,0,13
1591,0,5
1592,0,7
1593,0,26
1594,0,21
1595,0,4
1596,0,25
1597,0,17
1598,0,26
1599,0,22
1600,0,10
1601,1,16
1602,0,15
1603,0,21
1604,0,7
1605,0,9
1606,0,7
1607,0,8
1608,0,4
1609,0,1
1610,0,28
1611,0,2
1612,0,26
1613,0,0
1614,0,23
1615,0,9
1616,0,15
1617,0,8
1618,0,14
1619,0,13
1620,0,15
1621,0,11
1622,0,16
1623,0,24
1624,0,13
1625,0,10
1626,1,3
1627,0,10
1628,0,3
1629,0,5
1630,0,28
1631,0,2
1632,0,14
1633,0,25
1634,0,28
1635,0,4
1636,0,4
1637,0,11
1638,0,16
1639,0,28
1640,0,6
1641,0,4
1642,0,7
1643,0,26
1644,0,0
1645,0,11
1646,0,3
1647,0,4
1648,0,27
1649,0,0
1650,0,9
1651,0,27
1652,0,18
1653,0,2
1654,0,13
1655,0,29
1656,0,12
1657,0,15
1658,0,15
1659,0,19
1660,0,5
1661,0,25
1662,0,29
1663,0,4
1664,0,24
1665,0,24
1666,0,22
1667,0,11
1668,0,14
1669,0,25
1670,0,4
1671,0,24
1672,0,27
1673,0,20
1674,0,10
1675,0,16
1676,0,1
1677,0,27
1678,0,10
1679,0,1
1680,0,23
1681,0,19
1682,0,18
1683,0,1
1684,0,22
1685,0,19
1686,0,23
1687,0,24
1688,0,6
1689,0,6
1690,0,27
1691,0,15
1692,0,13
1693,0,8
1694,0,19
1695,0,22
1696,0,0
1697,0,16
1698,0,29
1699,0,8
1700,0,8
1701,0,26
1702,0,1
1703,0,11
1704,0,13
1705,0,23
1706,0,3
1707,0,13
1708,0,4
1709,0,23
1710,0,18
1711,0,14
1712,0,11
1713,0,4
1714,0,27
1715,0,19
1716,0,9
1717,0,12
1718,0,21
1719,0,21
1720,0,13
1721,0,9
1722,0,19
1723,0,19
1724,0,17
1725,0,2
1726,0,14
1727,0,18
1728,0,28
1729,0,15
1730,0,10
1731,0,16
1732,0,5
1733,1,2
1734,0,20
1735,1,29
1736,0,25
1737,0,17
1738,0,1
1739,0,29
1740,0,13
1741,0,8
1742,0,26
1743,0,22
1744,0,22
1745,0,8
1746,0,29
1747,0,13
1748,0,15
1749,0,22
1750,0,19
1751,0,5
1752,0,9
1753,0,10
1754,0,28
1755,0,21
1756,0,10
1757,0,22
1758,0,22
1759,0,11
1760,0,12
1761,0,26
1762,0,16
1763,0,4
1764,0,21
1765,0,17
1766,0,15
1767,0,21
1768,0,27
1769,0,9
1770,0,12
1771,0,5
1772,0,19
1773,0,12
1774,0,10
1775,0,20
1776,0,12
1777,0,13
1778,0,13
1779,0,7
1780,0,3
1781,0,24
1782,0,2
1783,0,9
1784,1,20
1785,0,3
1786,0,19
1787,0,21
1788,0,19
1789,0,9
1790,0,0
1791,0,26
1792,0,9
1793,0,24
1794,0,5
1795,0,4
1796,0,23
1797,0,28
1798,0,25
1799,0,22
1800,0,7
1801,1,27
1802,0,20
1803,0,5
1804,0,3
1805,0,26
1806,1,8
1807,0,22
1808,0,4
1809,0,8
1810,0,8
1811,0,8
1812,0,20
1813,0,27
1814,0,27
1815,0,22
1816,0,6
1817,0,28
1818,0,16
1819,0,16
1820,0,21
1821,1,23
1822,0,28
1823,0,17
1824,0,18
1825,0,22
1826,0,7
1827,0,9
1828,0,18
1829,0,1
1830,0,9
1831,0,21
1832,0,29
1833,0,15
1834,0,11
1835,0,13
1836,0,20
1837,0,16
1838,0,0
1839,0,16
1840,0,12
1841,0,21
1842,0,26
1843,0,28
1844,0,18
1845,0,10
1846,0,13
1847,0,5
1848,0,28
1849,0,25
1850,0,25
1851,0,9
1852,0,9
1853,0,25
1854,0,16
1855,0,21
1856,0,14
1857,0,13
1858,0,18
1859,0,24
1860,0,10
1861,0,24
1862,0,7
1863,0,12
1864,0,27
1865,0,28
1866,0,27
1867,0,9
1868,0,25
1869,0,28
1870,0,29
1871,0,0
1872,0,22
1873,0,29
1874,0,22
1875,0,6
1876,0,22
1877,0,3
1878,0,14
1879,0,18
1880,0,13
1881,0,20
1882,0,7
1883,0,18
1884,0,19
1885,0,19
1886,0,8
1887,0,9
1888,0,7
1889,0,13
1890,0,17
1891,0,10
1892,0,12
1893,0,8
1894,0,6
1895,0,19
1896,0,24
1897,0,8
1898,0,25
1899,0,17
1900,0,5
1901,0,10
1902,0,0
1903,0,1
1904,0,10
1905,0,13
1906,0,23
1907,0,4
1908,0,25
1909,0,7
1910,0,4
1911,0,20
1912,0,23
1913,0,18
1914,0,3
1915,1,3
1916,0,11
1917,0,13
1918,0,29
1919,0,8
1920,0,5
1921,0,28
1922,0,4
1923,0,0
1924,0,12
1925,0,12
1926,0,18
1927,0,26
1928,0,27
1929,0,8
1930,0,29
1931,0,18
1932,0,2
1933,0,28
1934,0,4
1935,0,17
1936,0,23
1937,0,7
1938,0,8
1939,0,14
1940,0,26
1941,0,6
1942,0,19
1943,0,13
1944,0,3
1945,0,21
1946,0,24
1947,0,17
1948,0,5
1949,0,4
1950,0,12
1951,0,15
1952,0,16
1953,0,7
1954,0,15
1955,0,8
1956,0,20
1957,0,23
1958,0,19
1959,0,0
1960,0,29
1961,0,0
1962,1,29
1963,0,0
1964,0,15
1965,0,3
1966,0,2
1967,0,20
1968,0,21
1969,0,3
1970,0,29
1971,0,9
1972,0,9
1973,0,8
1974,0,13
1975,0,5
1976,0,12
1977,0,6
1978,0,1
1979,0,11
1980,0,20
1981,0,22
1982,0,10
1983,0,9
1984,0,23
1985,0,20
1986,0,24
1987,0,27
1988,0,24
1989,0,28
1990,0,12
1991,0,11
1992,0,9
1993,0,7
1994,0,22
1995,0,21
1996,0,24
1997,0,5
1998,0,14
1999,0,6
2000,0,26
2001,0,8
2002,0,4
2003,0,17
2004,0,26
2005,0,27
2006,0,2
2007,0,9
2008,0,4
2009,0,9
2010,0,16
2011,0,8
2012,0,2
2013,0,15
2014,0,1
2015,0,6
2016,0,0
2017,0,2
2018,0,13
2019,1,25
2020,0,23
2021,0,2
2022,0,1
2023,0,10
2024,0,19
2025,0,22
2026,0,24
2027,0,10
2028,0,5
2029,0,0
2030,0,4
2031,0,1
2032,0,25
2033,0,8
2034,0,24
2035,0,16
2036,0,16
2037,0,13
2038,0,24
2039,0,1
2040,1,2
2041,0,12
2042,0,11
2043,0,16
2044,0,22
2045,0,17
2046,0,7
2047,0,9
2048,0,22
2049,0,6
2050,0,15
2051,0,16
2052,0,22
2053,0,21
2054,0,13
2055,0,9
2056,0,11
2057,0,12
2058,0,6
2059,0,18
2060,0,6
2061,0,19
2062,0,22
2063,0,28
2064,0,3
2065,0,22
2066,0,2
2067,0,10
2068,0,5
2069,0,4
2070,0,5
2071,0,1
2072,0,24
2073,0,1
2074,0,11
2075,0,20
2076,0,29
2077,0,25
2078,0,4
2079,0,29
2080,0,19
2081,0,5
2082,0,13
2083,0,27
2084,0,11
2085,0,5
2086,0,26
2087,0,28
2088,0,29
2089,0,28
2090,0,26
2091,0,13
2092,0,5
2093,0,18
2094,0,6
2095,0,14
2096,0,19
2097,0,28
2098,0,8
2099,0,7
2100,0,22
2101,0,0
2102,1,16
2103,0,22
2104,0,16
2105,0,11
2106,0,24
2107,0,11
2108,0,21
2109,0,13
2110,0,0
2111,0,15
2112,0,1
2113,0,27
2114,0,18
2115,0,11
2116,0,14
2117,0,18
2118,0,7
2119,0,8
2120,0,12
2121,0,7
2122,0,22
2123,0,3
2124,0,24
2125,0,10
2126,0,16
2127,0,4
2128,0,11
2129,0,22
2130,1,8
2131,0,3
2132,0,15
2133,0,4
2134,0,9
2135,0,13
2136,0,16
2137,0,19
2138,0,20
2139,0,25
2140,0,1
2141,0,10
2142,0,0
2143,0,0
2144,0,6
2145,0,17
2146,0,26
2147,0,23
2148,0,19
2149,0,23
2150,1,5
2151,0,25
2152,0,26
2153,0,2
2154,0,14
2155,0,24
2156,1,14
2157,0,25
2158,0,28
2159,0,14
2160,0,1
2161,0,10
2162,0,6
2163,1,14
2164,0,17
2165,0,13
2166,0,5
2167,0,9
2168,0,20
2169,0,0
2170,0,6
2171,0,26
2172,0,2
2173,0,12
2174,0,6
2175,0,3
2176,0,12
2177,0,15
2178,0,5
2179,1,2
2180,0,4
2181,0,19
2182,1,25
2183,0,5
2184,0,9
2185,1,10
2186,0,10
2187,0,7
2188,0,1
2189,0,15
2190,0,10
2191,0,10
2192,0,7
2193,1,27
2194,0,18
2195,0,12
2196,0,6
2197,0,24
2198,1,26
2199,0,0
2200,0,27
2201,0,20
2202,0,2
2203,0,22
2204,0,3
2205,0,1
2206,0,3
2207,0,13
2208,0,18
2209,0,12
2210,0,3
2211,0,5
2212,0,25
2213,0,28
2214,0,22
2215,0,3
2216,0,24
2217,0,20
2218,0,15
2219,0,4
2220,0,29
2221,0,13
2222,0,1
2223,0,6
2224,0,12
2225,0,1
2226,0,9
2227,0,14
2228,0,28
2229,0,2
2230,0,17
2231,0,27
2232,0,24
2233,0,27
2234,0,5
2235,0,24
2236,0,29
2237,0,9
2238,0,14
2239,0,15
2240,0,14
2241,0,8
2242,0,29
2243,0,28
2244,0,11
2245,0,24
2246,0,11
2247,0,23
2248,0,17
2249,0,14
2250,0,3
2251,0,19
2252,0,9
2253,0,6
2254,0,5
2255,0,29
2256,0,3
2257,0,23
2258,0,25
2259,0,0
2260,0,17
2261,0,17
2262,0,10
2263,0,20
2264,0,12
2265,0,13
2266,0,12
2267,0,24
2268,0,18
2269,0,11
2270,0,27
2271,0,24
2272,0,27
2273,0,21
2274,0,11
2275,0,23
2276,0,9
2277,0,8
2278,1,13
2279,1,29
2280,0,17
2281,0,11
2282,0,13
2283,0,8
2284,0,19
2285,0,10
2286,0,16
2287,0,11
2288,1,9
2289,0,29
2290,0,10
2291,0,2
2292,0,11
2293,0,15
2294,0,2
2295,0,9
2296,0,4
2297,0,15
2298,0,21
2299,0,29
2300,0,11
2301,0,25
2302,0,6
2303,0,23
2304,0,16
2305,0,22
2306,0,22
2307,0,15
2308,0,7
2309,0,15
2310,1,24
2311,0,29
2312,0,27
2313,0,5
2314,0,17
2315,0,3
2316,0,20
2317,0,29
2318,0,1
2319,0,19
2320,0,28
2321,0,25
2322,0,11
2323,0,3
2324,0,27
2325,0,27
2326,0,17
2327,0,29
2328,0,0
2329,0,18
2330,0,1
2331,0,28
2332,0,20
2333,0,27
2334,0,16
2335,0,2
2336,0,0
2337,0,10
2338,1,22
2339,0,4
2340,0,25
2341,0,7
2342,0,14
2343,1,6
2344,0,13
2345,0,13
2346,0,0
2347,0,17
2348,0,23
2349,0,28
2350,0,9
2351,0,26
2352,0,26
2353,0,29
2354,0,11
2355,0,25
2356,0,16
2357,0,1
2358,0,8
2359,0,20
2360,0,4
2361,0,13
2362,0,23
2363,0,4
2364,0,14
2365,0,6
2366,0,16
2367,0,7
2368,0,28
2369,0,2
2370,0,28
2371,0,23
2372,0,25
2373,0,25
2374,0,5
2375,0,27
2376,0,17
2377,0,28
2378,0,26
2379,0,17
2380,0,11
2381,0,3
2382,0,3
2383,0,11
2384,0,24
2385,0,15
2386,0,14
2387,0,7
2388,0,16
2389,0,19
2390,0,29
2391,0,21
2392,0,18
2393,0,27
2394,0,12
2395,0,28
2396,0,11
2397,0,3
2398,0,12
2399,0,3
2400,0,3
2401,0,26
2402,0,23
2403,0,6
2404,0,25
2405,0,2
2406,0,8
2407,0,21
2408,0,9
2409,0,21
2410,0,26
2411,0,1
2412,0,0
2413,0,28
2414,0,15
2415,0,15
2416,0,13
2417,0,13
2418,0,20
2419,0,17
2420,0,4
2421,0,18
2422,0,20
2423,0,3
2424,0,11
2425,0,23
2426,0,18
2427,0,4
2428,0,1
2429,0,17
2430,0,13
2431,0,28
2432,0,15
2433,0,27
2434,0,6
2435,0,13
2436,0,4
2437,1,17
2438,0,5
2439,0,14
2440,0,10
2441,1,5
2442,0,2
2443,0,15
2444,0,28
2445,0,5
2446,0,12
2447,0,6
2448,0,24
2449,0,12
2450,0,29
2451,0,7
2452,0,2
2453,0,17
2454,0,19
2455,0,29
2456,0,26
2457,0,26
2458,0,19
2459,0,10
2460,0,12
2461,0,4
2462,0,12
2463,0,10
2464,0,1
2465,0,6
2466,0,16
2467,0,11
2468,0,29
2469,0,14
2470,0,28
2471,0,19
2472,0,1
2473,0,6
2474,0,21
2475,0,16
2476,0,9
2477,0,15
2478,0,27
2479,0,11
2480,0,1
2481,0,9
2482,0,28
2483,0,22
2484,0,25
2485,0,27
2486,0,3
2487,0,8
2488,0,1
2489,0,0
2490,0,25
2491,0,28
2492,0,4
2493,0,21
2494,0,16
2495,0,2
2496,0,27
2497,1,26
2498,0,17
2499,0,21
2500,0,11
2501,0,23
2502,0,13
2503,0,29
2504,0,1
2505,0,5
2506,0,29
2507,0,8
2508,0,9
2509,0,23
2510,1,5
2511,0,15
2512,0,8
2513,0,5
2514,0,28
2515,0,5
2516,0,2
2517,0,20
2518,0,26
2519,0,3
2520,0,21
2521,0,16
2522,0,24
2523,0,3
2524,0,29
2525,0,18
2526,0,25
2527,0,10
2528,0,28
2529,0,18
2530,0,3
2531,0,27
2532,0,23
2533,0,9
2534,0,16
2535,0,11
2536,0,16
2537,0,28
2538,0,26
2539,0,6
2540,0,29
2541,0,13
2542,0,21
2543,0,22
2544,0,14
2545,0,13
2546,0,13
2547,0,25
2548,0,11
2549,0,8
2550,0,10
2551,0,5
2552,0,11
2553,0,3
2554,0,2
2555,0,21
2556,0,2
2557,0,17
2558,0,23
2559,1,21
2560,0,13
2561,0,5
2562,0,27
2563,0,25
2564,0,18
2565,0,2
2566,0,1
2567,0,9
2568,0,4
2569,0,25
2570,0,6
2571,0,8
2572,0,29
2573,0,24
2574,0,6
2575,0,11
2576,0,15
2577,0,19
2578,0,28
2579,0,26
2580,0,29
2581,0,1
2582,0,7
2583,0,16
2584,0,1
2585,0,10
2586,0,4
2587,0,27
2588,0,1
2589,0,4
2590,0,5
2591,0,4
2592,0,17
2593,0,10
2594,0,27
2595,0,7
2596,0,16
2597,0,19
2598,0,18
2599,0,23
2600,0,6
2601,0,15
2602,0,24
2603,0,25
2604,0,18
2605,0,19
2606,0,25
2607,0,18
2608,0,28
2609,0,3
2610,0,10
2611,0,3
2612,0,2
2613,0,14
2614,0,6
2615,0,12
2616,0,13
2617,0,18
2618,0,28
2619,0,25
2620,0,11
2621,0,9
2622,0,23
2623,0,3
2624,0,16
2625,0,12
2626,0,5
2627,0,18
2628,0,9
2629,0,5
2630,0,19
2631,0,5
2632,0,20
2633,0,4
2634,0,13
2635,0,24
2636,0,6
2637,0,23
2638,0,21
2639,0,27
2640,0,5
2641,0,21
2642,0,28
2643,0,22
2644,0,5
2645,0,24
2646,0,3
2647,0,17
2648,0,14
2649,0,15
2650,0,15
2651,0,0
2652,0,15
2653,0,28
2654,0,13
2655,0,8
2656,0,29
2657,0,2
2658,0,14
2659,0,15
2660,0,14
2661,1,27
2662,0,12
2663,0,29
2664,0,2
2665,0,22
2666,0,17
2667,0,7
2668,0,6
2669,0,21
2670,0,19
2671,0,18
2672,0,1
2673,0,17
2674,0,29
2675,0,0
2676,0,14
2677,0,14
2678,0,26
2679,0,8
2680,0,14
2681,0,21
2682,1,1
2683,0,24
2684,0,24
2685,0,21
2686,0,19
2687,0,22
2688,0,23
2689,0,27
2690,0,12
2691,0,13
2692,0,19
2693,0,5
2694,0,25
2695,0,23
2696,0,18
2697,0,9
2698,0,10
2699,0,13
2700,0,19
2701,0,23
2702,0,20
2703,0,27
2704,0,28
2705,0,21
2706,0,11
2707,0,17
2708,1,12
2709,0,18
2710,0,24
2711,0,11
2712,0,15
2713,0,1
2714,0,22
2715,0,14
2716,0,13
2717,0,15
2718,0,6
2719,0,17
2720,0,22
2721,0,10
2722,0,3
2723,0,11
2724,0,5
2725,0,11
2726,0,18
2727,0,3
2728,0,22
2729,0,6
2730,0,26
2731,0,21
2732,0,8
2733,0,16
2734,0,3
2735,0,2
2736,0,28
2737,0,24
2738,0,4
2739,0,8
2740,0,5
2741,0,11
2742,0,8
2743,0,9
2744,0,15
2745,0,5
2746,0,26
2747,0,21
2748,0,22
2749,0,5
2750,0,21
2751,0,25
2752,0,5
2753,0,22
2754,0,10
2755,0,23
2756,0,14
2757,1,24
2758,0,4
2759,0,11
2760,0,8
2761,0,7
2762,0,9
2763,0,11
2764,0,3
2765,0,21
2766,0,16
2767,0,24
2768,0,21
2769,0,4
2770,0,2
2771,0,12
2772,0,14
2773,0,7
2774,0,23
2775,0,17
2776,0,22
2777,0,3
2778,0,24
2779,0,6
2780,0,13
2781,0,13
2782,1,24
2783,0,8
2784,0,7
2785,0,10
2786,0,10
2787,1,5
2788,0,5
2789,0,6
2790,0,14
2791,0,10
2792,0,11
2793,0,21
2794,0,7
2795,0,27
2796,0,22
2797,0,5
2798,0,9
2799,0,5
2800,0,8
2801,0,10
2802,0,3
2803,0,0
2804,0,13
2805,0,21
2806,0,9
2807,0,25
2808,0,11
2809,0,27
2810,0,7
2811,0,16
2812,1,22
2813,0,1
2814,0,27
2815,0,10
2816,1,14
2817,0,18
2818,0,19
2819,0,0
2820,0,26
2821,0,18
2822,0,29
2823,0,14
2824,1,18
2825,0,13
2826,0,26
2827,0,24
2828,0,27
2829,0,15
2830,0,23
2831,0,10
2832,0,13
2833,0,22
2834,0,2
2835,0,21
2836,0,0
2837,0,17
2838,0,14
2839,0,14
2840,0,14
2841,0,14
2842,0,12
2843,0,13
2844,0,17
2845,0,22
2846,0,16
2847,0,19
2848,0,25
2849,0,29
2850,0,3
2851,0,21
2852,0,6
2853,0,5
2854,0,23
2855,0,2
2856,0,25
2857,0,23
2858,0,29
2859,0,20
2860,1,26
2861,0,3
2862,0,26
2863,0,4
2864,0,9
2865,0,3
2866,0,12
2867,0,22
2868,0,8
2869,0,24
2870,0,18
2871,0,18
2872,0,28
2873,0,12
2874,0,10
2875,0,29
2876,0,16
2877,0,18
2878,0,8
2879,0,6
2880,0,5
2881,0,6
2882,0,5
2883,0,22
2884,0,1
2885,0,18
2886,0,28
2887,0,22
2888,0,12
2889,0,1
2890,0,25
2891,0,0
2892,0,20
2893,0,20
2894,0,5
2895,0,22
2896,0,5
2897,0,6
2898,0,24
2899,0,29
2900,0,7
2901,0,27
2902,0,27
2903,0,23
2904,0,4
2905,0,8
2906,0,20
2907,0,29
2908,0,24
2909,0,12
2910,0,7
2911,0,28
2912,0,8
2913,0,10
2914,0,28
2915,0,16
2916,0,7
2917,0,0
2918,0,12
2919,0,29
2920,0,12
2921,0,20
2922,0,7
2923,0,23
2924,0,23
2925,0,18
2926,0,23
2927,0,17
2928,0,11
2929,0,22
2930,0,25
2931,0,25
2932,0,6
2933,0,20
2934,0,0
2935,0,17
2936,0,17
2937,0,10
2938,0,29
2939,0,26
2940,0,1
2941,0,6
2942,0,6
2943,0,26
2944,0,15
2945,0,21
2946,0,24
2947,0,23
2948,0,2
2949,0,4
2950,0,11
2951,0,10
2952,0,22
2953,0,4
2954,0,11
2955,0,7
2956,0,5
2957,0,5
2958,0,5
2959,0,16
2960,0,12
2961,0,13
2962,0,14
2963,0,22
2964,0,25
2965,0,15
2966,0,19
2967,0,22
2968,0,20
2969,0,4
2970,0,29
2971,0,4
2972,0,12
2973,0,19
2974,0,12
2975,0,7
2976,0,27
2977,0,2
2978,0,7
2979,0,29
2980,0,21
2981,0,2
2982,0,22
2983,0,29
2984,0,2
2985,0,12
2986,0,14
2987,0,3
2988,0,6
2989,0,5
2990,0,5
2991,0,12
2992,0,13
2993,0,7
2994,0,8
2995,0,5
2996,0,23
2997,0,6
2998,0,27
2999,0,16
3000,0,24
3001,0,19
3002,0,7
3003,0,18
3004,0,8
3005,0,3
3006,1,7
3007,0,8
3008,0,4
3009,0,0
3010,0,28
3011,0,15
3012,0,12
3013,0,27
3014,0,6
3015,0,12
3016,0,25
3017,0,18
3018,0,11
3019,0,7
3020,0,1
3021,0,2
3022,0,4
3023,0,23
3024,0,19
3025,0,13
3026,0,23
3027,0,4
3028,0,6
3029,0,11
3030,0,27
3031,0,18
3032,0,25
3033,0,7
3034,0,25
3035,0,2
3036,0,6
3037,0,15
3038,0,1
3039,0,25
3040,0,26
3041,0,16
3042,0,9
3043,0,2
3044,0,18
3045,0,16
3046,0,22
3047,0,18
3048,0,3
3049,0,3
3050,0,23
3051,0,4
3052,0,28
3053,0,3
3054,0,21
3055,0,29
3056,0,13
3057,0,1
3058,0,26
3059,0,5
3060,0,15
3061,0,29
3062,0,22
3063,0,1
3064,0,24
3065,0,4
3066,0,22
3067,0,18
3068,0,8
3069,0,12
3070,0,3
3071,0,29
3072,0,7
3073,0,9
3074,0,15
3075,0,20
3076,0,15
3077,0,15
3078,0,17
3079,0,25
3080,0,11
3081,0,24
3082,0,23
3083,0,28
3084,0,27
3085,0,23
3086,0,7
3087,0,23
3088,1,22
3089,0,8
3090,0,20
3091,0,7
3092,0,15
3093,0,23
3094,0,5
3095,0,10
3096,0,23
3097,0,13
3098,0,28
3099,0,0
3100,0,21
3101,0,24
3102,0,27
3103,0,4
3104,0,29
3105,0,11
3106,0,10
3107,1,10
3108,0,19
3109,0,19
3110,0,14
3111,0,2
3112,0,29
3113,0,6
3114,0,2
3115,0,17
3116,0,12
3117,0,18
3118,0,26
3119,0,2
3120,0,8
3121,0,15
3122,0,23
3123,0,18
3124,0,11
3125,0,18
3126,0,29
3127,0,14
3128,0,26
3129,0,23
3130,0,9
3131,0,7
3132,0,23
3133,0,6
3134,0,10
3135,0,7
3136,0,18
3137,0,8
3138,0,19
3139,1,28
3140,0,24
3141,0,28
3142,0,0
3143,0,13
3144,0,6
3145,0,27
3146,0,21
3147,0,9
3148,0,16
3149,0,18
3150,0,14
3151,1,14
3152,0,1
3153,0,13
3154,0,10
3155,0,24
3156,0,25
3157,0,22
3158,0,0
3159,0,25
3160,1,11
3161,0,12
3162,0,28
3163,0,26
3164,0,1
3165,0,10
3166,0,22
3167,0,16
3168,0,7
3169,0,15
3170,0,25
3171,0,6
3172,0,22
3173,0,22
3174,0,26
3175,0,8
3176,1,6
3177,0,16
3178,0,15
3179,0,12
3180,0,23
3181,0,23
3182,0,7
3183,0,23
3184,0,6
3185,0,12
3186,0,0
3187,0,10
3188,0,28
3189,0,13
3190,0,21
3191,0,3
3192,0,19
3193,0,11
3194,0,22
3195,0,27
3196,0,15
3197,0,3
3198,0,14
3199,0,3
3200,0,13
3201,0,1
3202,0,19
3203,0,9
3204,0,6
3205,0,0
3206,0,26
3207,0,25
3208,0,24
3209,0,1
3210,0,10
3211,0,29
3212,0,17
3213,0,3
3214,0,4
3215,0,7
3216,0,29
3217,0,5
3218,0,27
3219,0,20
3220,0,27
3221,0,24
3222,0,9
3223,0,24
3224,0,5
3225,0,8
3226,0,6
3227,0,3
3228,0,2
3229,0,5
3230,0,3
3231,0,11
3232,0,2
3233,0,1
3234,0,29
3235,0,2
3236,0,2
3237,0,0
3238,0,3
3239,0,15
3240,0,24
3241,0,22
3242,0,17
3243,0,2
3244,0,23
3245,0,1
3246,0,18
3247,0,12
3248,0,26
3249,0,9
3250,0,19
3251,0,13
3252,0,15
3253,0,28
3254,1,21
3255,0,12
3256,0,13
3257,0,21
3258,0,10
3259,0,5
3260,0,14
3261,0,2
3262,0,5
3263,0,12
3264,0,23
3265,0,23
3266,0,7
3267,0,12
3268,0,4
3269,0,22
3270,0,7
3271,0,23
3272,0,25
3273,0,20
3274,0,9
3275,0,28
3276,0,20
3277,0,19
3278,0,25
3279,0,26
3280,0,2
3281,0,26
3282,0,22
3283,0,6
3284,0,9
3285,0,22
3286,0,6
3287,0,13
3288,0,20
3289,0,19
3290,0,27
3291,0,3
3292,0,8
3293,0,29
3294,0,17
3295,0,7
3296,1,8
3297,0,10
3298,0,16
3299,0,8
3300,0,18
3301,0,13
3302,1,18
3303,0,4
3304,0,18
3305,0,27
3306,0,4
3307,0,9
3308,0,20
3309,0,18
3310,0,20
3311,0,16
3312,0,20
3313,0,18
3314,0,2
3315,0,22
3316,0,13
3317,0,1
3318,0,12
3319,0,13
3320,0,2
3321,1,29
3322,0,6
3323,1,9
3324,0,13
3325,0,24
3326,0,22
3327,0,23
3328,0,7
3329,0,25
3330,0,24
3331,0,13
3332,0,16
3333,0,1
3334,0,22
3335,0,28
3336,0,14
3337,0,16
3338,0,14
3339,0,2
3340,0,18
3341,0,21
3342,0,27
3343,0,27
3344,0,14
3345,0,28
3346,0,15
3347,0,19
3348,0,18
3349,0,29
3350,0,22
3351,0,3
3352,0,2
3353,1,12
3354,0,15
3355,0,20
3356,0,14
3357,0,15
3358,0,27
3359,0,10
3360,0,14
3361,0,16
3362,0,14
3363,0,29
3364,0,28
3365,0,15
3366,0,13
3367,0,17
3368,0,5
3369,0,12
3370,0,6
3371,0,4
3372,0,2
3373,0,17
3374,0,0
3375,0,19
3376,1,12
3377,0,10
3378,0,23
3379,0,16
3380,1,22
3381,0,21
3382,0,0
3383,0,6
3384,0,17
3385,0,29
3386,0,4
3387,1,3
3388,0,28
3389,0,29
3390,0,5
3391,0,12
3392,0,18
3393,0,5
3394,0,9
3395,0,11
3396,0,19
3397,0,9
3398,0,12
3399,0,8
3400,0,22
3401,0,4
3402,0,6
3403,0,7
3404,0,27
3405,0,28
3406,0,15
3407,0,4
3408,0,22
3409,0,14
3410,0,25
3411,0,10
3412,0,29
3413,0,24
3414,0,6
3415,0,21
3416,0,8
3417,0,10
3418,0,7
3419,0,20
3420,0,7
3421,0,19
3422,0,17
3423,0,22
3424,0,29
3425,0,0
3426,0,29
3427,1,3
3428,0,15
3429,0,10
3430,0,19
3431,0,21
3432,0,25
3433,0,12
3434,0,27
3435,0,9
3436,0,6
3437,0,11
3438,0,15
3439,0,20
3440,0,24
3441,0,6
3442,0,9
3443,0,28
3444,0,13
3445,0,7
3446,0,29
3447,0,13
3448,0,29
3449,0,27
3450,0,27
3451,0,17
3452,0,23
3453,0,28
3454,0,8
3455,0,1
3456,1,9
3457,0,19
3458,0,16
3459,0,2
3460,0,16
3461,0,5
3462,0,15
3463,0,17
3464,0,19
3465,0,12
3466,0,12
3467,0,20
3468,0,22
3469,0,24
3470,0,10
3471,0,12
3472,0,9
3473,0,15
3474,0,3
3475,0,12
3476,0,5
3477,0,15
3478,0,25
3479,0,29
3480,0,13
3481,0,1
3482,0,6
3483,0,3
3484,0,22
3485,0,29
3486,0,16
3487,0,5
3488,0,0
3489,0,29
3490,1,9
3491,0,3
3492,0,5
3493,0,7
3494,0,19
3495,0,26
3496,0,8
3497,1,20
3498,0,1
3499,0,0
3500,0,1
3501,0,27
3502,0,17
3503,0,24
3504,0,0
3505,0,0
3506,0,25
3507,0,3
3508,0,4
3509,0,15
3510,0,18
3511,0,6
3512,0,13
3513,0,20
3514,0,13
3515,0,11
3516,0,2
3517,0,13
3518,0,24
3519,0,18
3520,0,26
3521,0,3
3522,0,0
3523,0,16
3524,0,5
3525,0,17
3526,0,27
3527,0,10
3528,0,16
3529,0,20
3530,0,4
3531,0,26
3532,0,6
3533,0,24
3534,0,19
3535,0,4
3536,0,21
3537,0,5
3538,0,17
3539,0,28
3540,0,28
3541,0,26
3542,0,14
3543,0,16
3544,0,9
3545,0,27
3546,0,14
3547,0,23
3548,0,10
3549,0,22
3550,0,6
3551,0,22
3552,0,1
3553,0,3
3554,0,10
3555,0,14
3556,0,21
3557,0,10
3558,0,0
3559,0,9
3560,0,13
3561,0,16
3562,0,19
3563,0,7
3564,0,18
3565,0,18
3566,0,23
3567,0,15
3568,0,24
3569,0,6
3570,0,21
3571,0,1
3572,0,3
3573,0,25
3574,0,14
3575,0,18
3576,0,18
3577,1,20
3578,0,7
3579,0,5
3580,0,1
3581,0,25
3582,0,6
3583,0,17
3584,0,13
3585,0,4
3586,0,12
3587,0,2
3588,0,5
3589,0,4
3590,0,24
3591,0,17
3592,0,27
3593,0,13
3594,0,6
3595,0,18
3596,0,27
3597,0,15
3598,0,0
3599,0,9
3600,0,27
3601,0,15
3602,0,28
3603,0,15
3604,0,0
3605,0,26
3606,0,22
3607,0,21
3608,0,29
3609,0,5
3610,0,27
3611,0,6
3612,0,29
3613,0,5
3614,0,16
3615,0,23
3616,0,2
3617,0,2
3618,0,25
3619,0,1
3620,0,18
3621,0,28
3622,0,18
3623,0,14
3624,0,12
3625,0,19
3626,0,17
3627,0,15
3628,0,4
3629,0,19
3630,0,22
3631,0,21
3632,0,2
3633,0,21
3634,0,21
3635,0,5
3636,0,25
3637,0,15
3638,0,14
3639,0,21
3640,0,15
3641,0,16
3642,0,9
3643,0,27
3644,0,29
3645,0,3
3646,0,21
3647,0,0
3648,0,11
3649,1,29
3650,0,5
3651,0,11
3652,0,6
3653,0,21
3654,0,13
3655,0,17
3656,0,28
3657,0,15
3658,1,22
3659,0,2
3660,0,6
3661,0,28
3662,0,25
3663,0,19
3664,0,11
3665,0,5
3666,0,25
3667,0,23
3668,0,7
3669,0,17
3670,0,18
3671,0,14
3672,0,27
3673,0,3
3674,0,7
3675,0,2
3676,0,20
3677,0,19
3678,0,29
3679,0,16
3680,0,4
3681,0,13
3682,0,2
3683,0,20
3684,0,20
3685,0,25
3686,0,10
3687,0,9
3688,0,2
3689,0,12
3690,0,14
3691,0,22
3692,0,22
3693,0,4
3694,0,8
3695,0,15
3696,0,10
3697,0,0
3698,0,25
3699,0,21
3700,0,15
3701,0,9
3702,1,25
3703,0,1
3704,0,13
3705,0,24
3706,0,28
3707,0,7
3708,1,19
3709,0,5
3710,0,3
3711,0,10
3712,0,26
3713,0,20
3714,0,14
3715,0,8
3716,0,4
3717,0,8
3718,0,4
3719,0,5
3720,0,20
3721,0,3
3722,0,1
3723,0,16
3724,1,8
3725,0,13
3726,0,4
3727,0,6
3728,0,13
3729,0,20
3730,0,12
3731,0,16
3732,0,15
3733,0,8
3734,0,8
3735,0,12
3736,0,0
3737,0,20
3738,0,18
3739,0,9
3740,0,11
3741,0,9
3742,0,19
3743,0,22
3744,0,3
3745,0,12
3746,0,0
3747,0,13
3748,0,7
3749,0,10
3750,0,13
3751,0,9
3752,0,11
3753,0,22
3754,0,24
3755,1,0
3756,0,11
3757,0,25
3758,0,15
3759,0,6
3760,0,17
3761,0,4
3762,0,0
3763,0,18
3764,0,15
3765,0,22
3766,0,10
3767,0,25
3768,0,12
3769,0,22
3770,0,3
3771,0,2
3772,0,23
3773,0,25
3774,0,28
3775,0,9
3776,0,0
3777,0,29
3778,0,18
3779,0,7
3780,0,22
3781,0,27
3782,0,8
3783,0,23
3784,0,23
3785,0,15
3786,0,18
3787,0,8
3788,0,27
3789,0,29
3790,0,29
3791,0,22
3792,1,1
3793,0,10
3794,0,13
3795,0,28
3796,0,16
3797,0,16
3798,0,4
3799,0,23
3800,0,10
3801,0,2
3802,0,29
3803,0,5
3804,0,0
3805,0,2
3806,0,13
3807,0,3
3808,1,25
3809,0,15
3810,1,9
3811,0,0
3812,0,14
3813,0,4
3814,1,29
3815,0,8
3816,0,14
3817,0,0
3818,0,3
3819,0,6
3820,0,1
3821,0,21
3822,0,28
3823,0,29
3824,1,7
3825,0,23
3826,0,15
3827,0,1
3828,0,2
3829,0,16
3830,0,12
3831,0,0
3832,0,27
3833,0,21
3834,0,15
3835,0,29
3836,0,29
3837,0,29
3838,0,7
3839,0,26
3840,0,15
3841,0,21
3842,0,25
3843,0,4
3844,0,13
3845,0,3
3846,0,8
3847,0,12
3848,0,25
3849,0,25
3850,0,11
3851,0,9
3852,0,15
3853,0,27
3854,0,29
3855,0,6
3856,0,5
3857,0,21
3858,0,9
3859,0,5
3860,0,0
3861,0,12
3862,0,11
3863,0,16
3864,0,6
3865,0,21
3866,0,20
3867,0,13
3868,1,5
3869,0,15
3870,0,20
3871,0,11
3872,0,7
3873,1,15
3874,0,10
3875,0,12
3876,0,10
3877,0,9
3878,0,21
3879,0,13
3880,0,13
3881,0,19
3882,0,10
3883,0,3
3884,0,25
3885,0,1
3886,0,17
3887,0,7
3888,0,6
3889,0,1
3890,0,27
3891,0,12
3892,0,10
3893,0,22
3894,0,1
3895,0,16
3896,0,14
3897,0,16
3898,0,3
3899,1,28
3900,0,7
3901,0,20
3902,0,22
3903,0,10
3904,0,3
3905,0,8
3906,0,24
3907,0,27
3908,0,28
3909,0,6
3910,0,18
3911,0,4
3912,0,21
3913,0,12
3914,0,21
3915,1,20
3916,0,29
3917,0,14
3918,0,10
3919,0,15
3920,0,4
3921,0,3
3922,0,15
3923,0,24
3924,0,15
3925,0,23
3926,0,5
3927,0,13
3928,0,18
3929,0,10
3930,0,0
3931,0,2
3932,0,27
3933,0,18
3934,0,7
3935,0,7
3936,0,1
3937,0,28
3938,0,3
3939,0,22
3940,0,7
3941,0,10
3942,0,8
3943,0,24
3944,0,0
3945,0,10
3946,0,8
3947,0,8
3948,1,5
3949,0,27
3950,0,11
3951,0,12
3952,0,11
3953,0,29
3954,0,10
3955,0,10
3956,0,9
3957,0,9
3958,0,2
3959,0,18
3960,0,0
3961,0,6
3962,1,6
3963,0,8
3964,0,22
3965,0,17
3966,0,29
3967,0,10
3968,0,27
3969,0,1
3970,0,15
3971,0,23
3972,0,15
3973,0,27
3974,0,9
3975,0,0
3976,0,23
3977,1,2
3978,0,22
3979,0,22
3980,0,25
3981,0,14
3982,0,26
3983,0,5
3984,0,13
3985,0,3
3986,1,23
3987,0,21
3988,0,24
3989,0,22
3990,0,9
3991,0,2
3992,0,27
3993,0,14
3994,0,2
3995,0,27
3996,0,29
3997,0,13
3998,0,23
3999,0,1
4000,0,2
4001,0,8
4002,0,19
4003,0,4
4004,0,1
4005,0,20
4006,0,23
4007,0,22
4008,0,23
4009,0,24
4010,0,18
4011,0,15
4012,0,25
4013,1,10
4014,0,2
4015,0,22
4016,0,8
4017,0,29
4018,0,12
4019,0,25
4020,0,1
4021,0,19
4022,0,13
4023,0,13
4024,0,7
4025,0,29
4026,0,11
4027,0,25
4028,0,12
4029,0,1
4030,0,26
4031,0,5
4032,0,8
4033,0,25
4034,0,26
4035,0,27
4036,0,12
4037,0,22
4038,0,9
4039,0,22
4040,0,15
4041,0,1
4042,0,12
4043,0,14
4044,0,7
4045,1,11
4046,0,15
4047,0,1
4048,0,4
4049,0,23
4050,0,10
4051,0,18
4052,0,16
4053,0,16
4054,0,12
4055,0,14
4056,0,24
4057,0,28
4058,0,7
4059,0,20
4060,0,29
4061,0,0
4062,0,23
4063,0,14
4064,0,29
4065,0,17
4066,0,25
4067,0,4
4068,0,4
4069,0,27
4070,0,15
4071,0,16
4072,0,5
4073,0,6
4074,0,24
4075,0,9
4076,0,17
4077,0,9
4078,0,7
4079,0,4
4080,0,27
4081,0,28
4082,0,3
4083,0,10
4084,0,16
4085,0,11
4086,0,21
4087,0,7
4088,1,1
4089,0,10
4090,0,17
4091,0,5
4092,0,24
4093,0,0
4094,0,2
4095,0,15
4096,0,15
4097,0,8
4098,0,7
4099,0,2
4100,0,19
4101,0,11
4102,0,3
4103,0,11
4104,0,28
4105,0,7
4106,0,26
4107,1,7
4108,1,5
4109,0,7
4110,0,9
4111,1,3
4112,0,17
4113,0,10
4114,0,21
4115,0,14
4116,0,13
4117,0,14
4118,0,4
4119,0,21
4120,0,3
4121,0,21
4122,1,29
4123,0,22
4124,0,13
4125,0,9
4126,0,26
4127,0,7
4128,0,14
4129,0,23
4130,0,27
4131,0,27
4132,0,2
4133,0,26
4134,0,3
4135,0,17
4136,0,27
4137,0,19
4138,0,28
4139,0,10
4140,0,9
4141,0,9
4142,0,10
4143,0,20
4144,0,13
4145,0,22
4146,0,12
4147,0,9
4148,0,5
4149,0,16
4150,0,26
4151,0,25
4152,0,7
4153,0,14
4154,0,21
4155,0,18
4156,0,2
4157,0,17
4158,0,1
4159,0,3
4160,1,19
4161,0,3
4162,0,10
4163,0,17
4164,0,19
4165,0,13
4166,0,2
4167,0,23
4168,0,28
4169,1,26
4170,0,22
4171,0,12
4172,0,26
4173,0,14
4174,0,4
4175,0,25
4176,0,9
4177,0,28
4178,0,11
4179,0,26
4180,0,16
4181,0,14
4182,0,8
4183,0,25
4184,0,1
4185,0,14
4186,0,11
4187,0,16
4188,0,7
4189,0,19
4190,0,11
4191,0,5
4192,0,5
4193,0,20
4194,1,7
4195,0,9
4196,0,18
4197,0,9
4198,0,11
4199,0,7
4200,0,10
4201,0,20
4202,0,16
4203,0,29
4204,0,23
4205,0,0
4206,0,11
4207,0,8
4208,0,17
4209,0,7
4210,0,28
4211,0,8
4212,0,15
4213,0,3
4214,0,27
4215,0,27
4216,0,23
4217,0,10
4218,0,1
4219,0,21
4220,0,12
4221,0,29
4222,0,20
4223,0,16
4224,0,29
4225,0,24
4226,0,13
4227,0,0
4228,0,2
4229,0,13
4230,0,16
4231,0,0
4232,0,3
4233,0,21
4234,0,22
4235,0,0
4236,0,15
4237,0,2
4238,0,21
4239,0,25
4240,0,26
4241,0,17
4242,0,18
4243,0,27
4244,0,18
4245,0,13
4246,0,22
4247,0,17
4248,0,25
4249,0,15
4250,0,26
4251,0,1
4252,0,1
4253,0,2
4254,1,16
4255,0,21
4256,0,6
4257,0,4
4258,0,25
4259,0,22
4260,0,19
4261,0,14
4262,0,12
4263,1,0
4264,0,5
4265,0,26
4266,0,10
4267,0,21
4268,0,21
4269,0,9
4270,0,6
4271,0,20
4272,0,2
4273,0,14
4274,0,26
4275,0,21
4276,0,22
4277,0,2
4278,0,5
4279,0,8
4280,0,8
4281,0,5
4282,0,29
4283,0,4
4284,0,21
4285,0,17
4286,0,18
4287,0,6
4288,0,9
4289,0,18
4290,0,8
4291,0,20
4292,0,1
4293,0,2
4294,0,21
4295,0,18
4296,0,1
4297,0,26
4298,0,0
4299,0,28
4300,0,21
4301,0,29
4302,0,28
4303,0,9
4304,0,22
4305,0,6
4306,0,14
4307,0,7
4308,0,14
4309,0,26
4310,0,13
4311,0,2
4312,0,9
4313,0,23
4314,0,15
4315,0,16
4316,0,12
4317,0,8
4318,0,17
4319,0,18
4320,0,26
4321,0,18
4322,0,29
4323,0,24
4324,0,2
4325,0,11
4326,0,11
4327,0,0
4328,0,5
4329,0,22
4330,0,10
4331,0,4
4332,0,8
4333,0,8
4334,0,5
4335,0,3
4336,0,22
4337,1,24
4338,0,14
4339,0,18
4340,0,27
4341,0,25
4342,0,0
4343,0,28
4344,0,2
4345,0,0
4346,0,12
4347,0,22
4348,0,2
4349,0,8
4350,0,7
4351,0,11
4352,0,29
4353,0,9
4354,0,6
4355,0,3
4356,0,5
4357,0,3
4358,0,17
4359,0,12
4360,0,14
4361,0,24
4362,0,17
4363,0,4
4364,0,11
4365,0,9
4366,0,24
4367,0,9
4368,0,4
4369,0,22
4370,0,12
4371,0,2
4372,0,20
4373,0,6
4374,1,26
4375,0,24
4376,0,11
4377,0,16
4378,0,17
4379,0,19
4380,0,2
4381,0,9
4382,0,5
4383,0,20
4384,0,2
4385,0,15
4386,0,21
4387,0,28
4388,0,8
4389,0,0
4390,0,21
4391,0,0
4392,0,1
4393,0,29
4394,0,25
4395,0,21
4396,0,25
4397,0,2
4398,0,2
4399,0,9
4400,0,0
4401,0,26
4402,0,1
4403,0,16
4404,0,25
4405,0,22
4406,0,7
4407,0,14
4408,0,16
4409,0,23
4410,0,12
4411,0,8
4412,0,23
4413,0,26
4414,0,14
4415,0,0
4416,0,15
4417,0,26
4418,0,29
4419,0,12
4420,0,4
4421,0,17
4422,0,24
4423,0,28
4424,0,1
4425,0,8
4426,0,14
4427,0,2
4428,0,26
4429,0,3
4430,0,19
4431,0,27
4432,0,20
4433,0,22
4434,0,7
4435,0,24
4436,0,12
4437,0,1
4438,0,10
4439,0,10
4440,0,15
4441,1,7
4442,0,13
4443,0,12
4444,0,9
4445,0,20
4446,0,9
4447,0,22
4448,0,7
4449,0,25
4450,0,10
4451,0,1
4452,1,4
4453,0,24
4454,0,26
4455,0,6
4456,0,18
4457,0,17
4458,0,4
4459,0,13
4460,0,20
4461,0,29
4462,0,25
4463,0,2
4464,0,7
4465,0,13
4466,0,4
4467,0,17
4468,0,0
4469,0,3
4470,0,1
4471,0,8
4472,0,22
4473,0,5
4474,0,29
4475,0,8
4476,0,1
4477,0,10
4478,0,22
4479,0,3
4480,0,2
4481,0,25
4482,0,17
4483,0,10
4484,0,22
4485,0,25
4486,0,10
4487,0,16
4488,0,0
4489,0,9
4490,0,17
4491,0,5
4492,0,29
4493,0,29
4494,0,7
4495,0,11
4496,0,5
4497,0,15
4498,0,3
4499,0,11
4500,0,16
4501,0,18
4502,0,17
4503,0,6
4504,0,23
4505,0,20
4506,0,22
4507,0,14
4508,0,26
4509,0,11
4510,0,24
4511,0,6
4512,0,7
4513,0,15
4514,0,16
4515,0,22
4516,0,8
4517,1,26
4518,0,9
4519,0,16
4520,0,27
4521,0,16
4522,0,20
4523,0,27
4524,0,29
4525,0,14
4526,0,12
4527,0,5
4528,0,16
4529,0,27
4530,1,14
4531,0,10
4532,0,3
4533,0,11
4534,0,7
4535,0,29
4536,0,15
4537,0,4
4538,0,2
4539,0,25
4540,0,27
4541,0,22
4542,0,3
4543,0,2
4544,0,5
4545,0,22
4546,0,22
4547,0,25
4548,0,2
4549,0,4
4550,0,27
4551,0,27
4552,0,21
4553,0,3
4554,0,2
4555,0,1
4556,0,20
4557,0,25
4558,0,18
4559,0,7
4560,0,22
4561,0,1
4562,0,24
4563,0,26
4564,0,21
4565,0,26
4566,0,17
4567,0,14
4568,0,9
4569,0,27
4570,0,20
4571,0,5
4572,0,28
4573,0,1
4574,0,17
4575,0,5
4576,0,19
4577,0,12
4578,0,13
4579,0,20
4580,0,22
4581,0,11
4582,0,29
4583,0,14
4584,0,4
4585,0,0
4586,0,6
4587,0,20
4588,0,16
4589,0,10
4590,0,14
4591,0,25
4592,0,17
4593,0,1
4594,0,1
4595,0,14
4596,0,12
4597,0,25
4598,0,17
4599,0,22
4600,0,17
4601,0,10
4602,0,19
4603,0,18
4604,0,21
4605,0,5
4606,0,19
4607,0,8
4608,0,23
4609,0,23
4610,0,18
4611,0,28
4612,0,16
4613,0,0
4614,0,18
4615,0,23
4616,0,3
4617,0,3
4618,0,8
4619,0,25
4620,0,15
4621,0,29
4622,0,26
4623,0,16
4624,0,20
4625,0,9
4626,0,2
4627,0,11
4628,0,17
4629,0,5
4630,0,6
4631,0,0
4632,0,22
4633,0,26
4634,0,24
4635,0,11
4636,1,17
4637,0,28
4638,0,17
4639,0,8
4640,0,10
4641,0,21
4642,0,13
4643,0,25
4644,0,25
4645,0,1
4646,0,21
4647,0,11
4648,0,15
4649,0,7
4650,0,11
4651,0,9
4652,0,1
4653,0,23
4654,0,4
4655,0,11
4656,0,5
4657,0,4
4658,0,11
4659,0,27
4660,0,28
4661,0,11
4662,0,15
4663,0,29
4664,0,7
4665,0,28
4666,0,3
4667,0,6
4668,0,10
4669,0,1
4670,0,24
4671,0,25
4672,0,11
4673,0,25
4674,0,23
4675,0,24
4676,0,24
4677,0,17
4678,0,3
4679,0,27
4680,0,18
4681,0,27
4682,0,28
4683,0,5
4684,0,12
4685,0,5
4686,0,1
4687,0,28
4688,0,27
4689,0,27
4690,0,26
4691,0,19
4692,0,15
4693,0,29
4694,0,16
4695,0,19
4696,0,6
4697,0,22
4698,0,24
4699,0,20
4700,0,14
4701,0,5
4702,0,1
4703,0,18
4704,0,20
4705,0,23
4706,0,28
4707,0,14
4708,0,24
4709,0,21
4710,0,8
4711,0,25
4712,0,1
4713,0,17
4714,0,28
4715,0,19
4716,0,28
4717,0,1
4718,0,15
4719,0,23
4720,0,19
4721,0,26
4722,0,13
4723,0,20
4724,0,12
4725,0,26
4726,0,3
4727,0,7
4728,0,2
4729,0,21
4730,0,6
4731,0,9
4732,0,25
4733,0,10
4734,0,4
4735,0,0
4736,0,6
4737,0,27
4738,0,16
4739,0,29
4740,0,6
4741,0,10
4742,0,4
4743,1,11
4744,0,16
4745,0,24
4746,0,11
4747,0,23
4748,0,18
4749,0,8
4750,0,27
4751,0,13
4752,1,4
4753,0,28
4754,1,27
4755,0,1
4756,0,27
4757,0,28
4758,0,24
4759,0,7
4760,0,18
4761,0,16
4762,0,18
4763,0,18
4764,0,19
4765,0,15
4766,0,20
4767,0,15
4768,0,0
4769,0,1
4770,0,28
4771,0,27
4772,0,17
4773,0,5
4774,0,23
4775,0,4
4776,0,11
4777,0,9
4778,0,0
4779,0,24
4780,0,15
4781,0,9
4782,0,15
4783,0,0
4784,0,13
4785,0,15
4786,0,10
4787,0,24
4788,0,7
4789,0,4
4790,0,15
4791,0,26
4792,0,11
4793,0,1
4794,0,29
4795,0,13
4796,0,5
4797,0,18
4798,0,9
4799,0,28
4800,0,8
4801,0,16
4802,0,16
4803,0,7
4804,0,14
4805,0,3
4806,0,19
4807,0,22
4808,0,28
4809,0,9
4810,0,8
4811,0,16
4812,0,20
4813,0,29
4814,0,0
4815,0,7
4816,0,7
4817,0,7
4818,0,13
4819,0,26
4820,0,0
4821,0,24
4822,0,18
4823,0,18
4824,0,20
4825,0,3
4826,0,22
4827,0,7
4828,0,15
4829,0,20
4830,0,18
4831,0,9
4832,0,11
4833,0,14
4834,0,1
4835,0,21
4836,0,2
4837,0,13
4838,0,19
4839,0,2
4840,0,29
4841,0,11
4842,0,0
4843,0,19
4844,0,16
4845,0,19
4846,0,22
4847,0,14
4848,0,24
4849,0,11
4850,0,16
4851,0,4
4852,0,18
4853,0,7
4854,0,20
4855,0,24
4856,0,25
4857,0,27
4858,0,3
4859,0,4
4860,0,27
4861,0,11
4862,0,0
4863,0,8
4864,0,25
4865,0,10
4866,0,2
4867,0,21
4868,0,5
4869,0,10
4870,0,0
4871,0,18
4872,0,13
4873,0,26
4874,0,10
4875,0,6
4876,0,4
4877,0,6
4878,0,13
4879,0,2
4880,0,12
4881,0,25
4882,0,23
4883,0,19
4884,0,26
4885,0,23
4886,0,19
4887,0,25
4888,0,3
4889,0,24
4890,0,8
4891,0,21
4892,0,27
4893,0,14
4894,0,2
4895,0,11
4896,0,12
4897,0,28
4898,0,28
4899,0,17
4900,0,28
4901,0,13
4902,0,12
4903,0,25
4904,1,20
4905,0,15
4906,0,13
4907,0,21
4908,0,22
4909,0,14
4910,0,0
4911,0,3
4912,0,4
4913,0,13
4914,0,18
4915,0,24
4916,0,6
4917,0,23
4918,0,19
4919,0,1
4920,0,10
4921,0,9
4922,0,26
4923,0,27
4924,0,24
4925,0,15
4926,0,14
4927,0,9
4928,0,23
4929,0,2
4930,0,8
4931,0,4
4932,0,14
4933,0,8
4934,0,5
4935,0,11
4936,0,25
4937,0,16
4938,0,24
4939,0,27
4940,0,27
4941,0,10
4942,0,26
4943,0,27
4944,0,28
4945,0,10
4946,0,6
4947,0,17
4948,0,27
4949,0,27
4950,0,17
4951,0,4
4952,0,12
4953,0,21
4954,0,16
4955,0,10
4956,0,10
4957,0,1
4958,1,8
4959,0,20
4960,0,7
4961,0,29
4962,0,2
4963,0,17
4964,0,14
4965,0,24
4966,0,26
4967,0,16
4968,0,18
4969,0,20
4970,0,15
4971,0,5
4972,0,12
4973,1,7
4974,0,13
4975,0,18
4976,0,6
4977,0,7
4978,0,24
4979,0,11
4980,0,5
4981,1,21
4982,0,21
4983,0,24
4984,0,22
4985,0,29
4986,0,17
4987,0,8
4988,0,25
4989,0,7
4990,0,8
4991,0,24
4992,0,26
4993,0,10
4994,0,21
4995,0,27
4996,0,23
4997,0,0
4998,0,19
4999,0,5
